﻿Designator,Footprint,Quantity,Value,LCSC Part #
"C1, C4",C_0603,2,22uF,C59461
"C10, C13",C_0402,2,1uF,C52923
"C11, C16, C18",C_0402,3,100nF,C1525
"C12, C20, C3",C_0402,3,4.7uF,C23733
"C15, C5, C6",C_0402,3,10uF,C15525
"C17, C19",C_CASE-B-3528-21(mm),2,10uF,C16133
"C2, C9",C_0402,2,10nF,C15195
"C7, C8",C_0402,2,2.2uF,C12530
D1,D_0603,1,Red,C2286
D2,D_0805,1,Green,C2297
J3,PinHeader_2x16_P2.54mm_Vertical,1,Conn_02x16_Odd_Even,
J4,JST_PH_B2B-PH-K_1x02_P2.00mm_Vertical,1,Conn_01x02,
L2,L_0805,1,"2.2uH,50mA",C1043
L3,L_0805,1,"10uH,15mA",C1046
"R1, R6",R_0603,2,30kΩ,C22984
"R10, R8",R_0603,2,1.2kΩ,C22765
"R11, R12, R13",R_0402,3,3.3kΩ,C25890
R14,R2512,1,20mΩ,
"R15, R18",R2010,2,430m,
"R16, R17, R24",R_0402,3,1.5kΩ,C25867
R19,R_0805,1,1.2kΩ,C17379
R2,R_1206,1,1.8MΩ,C2775047
"R22, R23, R7",R_0402,3,10kΩ,C25744
R27,R_0603,1,220kΩ,C22961
R28,R_0603,1,330kΩ,C23137
"R3, R4",R_0603,2,1Ω,C22936
R5,R_0603,1,120kΩ,C25808
R9,R_0603,1,75kΩ,C23242
TP1,TestPoint_Pad_D2.0mm,1,3V3,
"TP10, TP13",TestPoint_Pad_D2.0mm,2,HV,
TP14,TestPoint_Pad_D2.0mm,1,ON/OFF,
TP15,TestPoint_Pad_D2.0mm,1,1A/1,
TP16,TestPoint_Pad_D2.0mm,1,1A/2,
TP3,TestPoint_Pad_D2.0mm,1,5V,
TP5,TestPoint_Pad_D2.0mm,1,I to motors,
U1,WSON-8_L2.0-W2.0-P0.50-TL-EP,1,TPS62125DSGR,
"U10, U11",SOT-25-5_L3.0-W1.8-P0.95-LS3.0-BL,2,AP2171WG-7,
U12,SOIC-8_L4.9-W3.9-P1.27-LS6.0-BL,1,INA219AIDR,
U2,SOT-23-6_L2.9-W1.6-P0.95-LS2.8-BR,1,ETA1038S2G,
U3,SW-TH_3P-P4.80-HX-SS12D10G4,1,HX SS12D10G6,
"U4, U5",TSSOP-16_L5.0-W4.4-P0.65-LS6.4-BL-EP,2,DRV8833PWP,
U6,QFN-16_L3.0-W3.0-P0.50-TL-EP1.7,1,BQ24074RGTR,
U7,TDFN-6_L2.0-W2.0-P0.65-TL-EP,1,HUSB237-AA001-DN06R,
U8,SOT-363-6_L2.2-W1.3-P0.65-LS2.1-BL,1,74LVC1G3157DW-7,
USBC1,USB-C-SMD_TYPE-C-USB-19,1,TYPE-C-31-M-05,
